implementation,threads,average,stddev
mutex,1,0.020720,0.000588
mutex,2,0.042011,0.004952
mutex,4,0.046973,0.002037
mutex,8,0.050982,0.002799
rwlock,1,0.021054,0.000622
rwlock,2,0.081234,0.007541
rwlock,4,0.092469,0.009986
rwlock,8,0.087897,0.011706
serial,1,0.019706,0.000508
serial,2,0.019867,0.000399
serial,4,0.020630,0.000663
serial,8,0.021198,0.001279
