implementation,threads,average,stddev
mutex,1,0.066427,0.002194
mutex,2,0.099240,0.007258
mutex,4,0.114354,0.008402
mutex,8,0.130131,0.002501
rwlock,1,0.067450,0.001843
rwlock,2,0.167255,0.004661
rwlock,4,0.183540,0.010373
rwlock,8,0.213616,0.010749
serial,1,0.067603,0.001759
serial,2,0.064380,0.001842
serial,4,0.065095,0.001713
serial,8,0.065260,0.002261
