implementation,threads,average,stddev
mutex,1,0.191907,0.000000
mutex,2,0.252344,0.000000
mutex,4,0.379641,0.000000
mutex,8,0.443505,0.000000
rwlock,1,0.220997,0.000000
rwlock,2,0.157872,0.000000
rwlock,4,0.181017,0.000000
rwlock,8,0.205366,0.000000
serial,1,0.181525,0.000000
serial,2,0.184853,0.000000
serial,4,0.182857,0.000000
serial,8,0.177997,0.000000
